cell_id,tumour_score
ATTTCTGAGAATCCCT-1,13.103257689122753
CGGCAGTGTTTCGATG-1,9.57484794115392
ATCGTGAAGTCGGCAA-1,7.223693890630273
CCGTAGGGTATGACAA-1,16.189603803759
TCTATACTCTGGTGGC-1,13.009124595635251
CGTGCTTGTGCCTTCT-1,14.020951550894752
GAGTGTTAGGGCCTCT-1,21.233539078017085
AATCACGGTCCTGGGT-1,9.102166846332322
ACCATTTAGGACCCAA-1,6.041155044540803
GCACGGTAGTTTCTTC-1,11.412902771166836
TAATCTCTCTTGCGCT-1,6.631994347460755
AGAGCAGGTGCCGGTT-1,12.158671183184726
GGCGTCACAGTGGCTC-1,6.179085150805548
ACTTTCATCCTCTCGA-1,0.9590053929042665
CCCGAAGCATAATGAG-1,8.527347888631336
GCCCGAACACTGGCGT-1,18.48502648363785
AGATGAATCCTTGGAA-1,4.148372500953893
CATTCTACAAGTCCCG-1,8.064941281955127
GCCAGGTCATGTGCCG-1,7.460245190802227
GACTATGAGTGGCGAT-1,13.44364923970846
CTGAGGCCAACTCGTA-1,1.7535179424395364
GATAGAAAGCTCGCAC-1,26.495943042236515
TCAGGGCTCGGACTGC-1,14.542273599417758
TCGGGCAAGGTTTGAA-1,13.628538982324985
AGTCACAAGTTATGGA-1,3.459388740704
GAGCCTGTCCCTCTTT-1,19.33335553896024
TGCCGAGCACGTAGAG-1,8.261558629656642
TATCCTATCGCAATGT-1,9.434131060339675
ATTCATCCATGACCCG-1,5.818414363205464
CGGGCATTCTACGGGC-1,12.707227779802343
AAGGTAATCGAACCAT-1,-0.4113275652891275
GTAAGTCTCACGATCA-1,6.201620102649801
CTGCAGGGTAACACGG-1,14.82760145599238
CTCCATGTCTCGGGAC-1,12.414047754314234
GGCACGTGTATTCCTT-1,14.274639634176172
TCAAGCAAGATTGAGT-1,8.029957406269343
TGGGATTGTGACTCGC-1,9.880198392528452
TGTGTGAGTGGACAGT-1,12.349000378880447
TGAGCGCTCATCGGGC-1,9.302819261498644
TCAAGCAAGCGACTAG-1,2.1548856335768
CAGAGCCCAATAGAGT-1,9.04480925340185
TGGAGAGCAGCGAACA-1,8.468892377201305
CGCAGGTAGTGATTCC-1,12.394563588100754
GGCTGTGGTGTAGCAG-1,16.737234214837795
TGGGCTGGTCATACCA-1,9.180237208353397
CGGAGAAAGTCGGCCT-1,8.280124970523614
GCACGGTCACTGCGAC-1,9.768041255903752
GTATTTCTCCCTCATG-1,6.703822504602841
TTCCGGTCACGATTCA-1,13.48766960643451
GACCAATAGCTGACAG-1,5.138324571301618
CATCGCTAGAGAGAAC-1,5.338922503158113
TGTTGAGGTTCGTGCG-1,3.497945634063726
ATCGGATGTGGATCGA-1,8.450799319871805
GTAGATCAGTATGGAT-1,10.745292961866337
GGGAAGTAGGCAGGTT-1,7.1948648904729335
TAGAGTCGTGGGCTTC-1,12.164755690246013
CCTTCAGAGTGTACCT-1,10.181314586843005
GCTTCACTCGTTATCT-1,4.908438038484729
ACAACCATCGGCTGTG-1,4.119771825054068
GCTGCAGAGCTAGATA-1,16.60782545105643
TCAGTCCGTGGCGCTT-1,9.05903530085336
CCTCATGCATTGTAGC-1,6.704665564179699
TACCTCGTCTACTATC-1,9.290324330313252
GGTGAAGCAGTTCCAA-1,7.952277876381178
CTCTCAGCAGACCAAG-1,0.744345622519109
TGCTGAAGTAGAGTTA-1,5.969288561416838
ATCGATGAGCAATAGT-1,2.416101297288541
TGGGCTGAGCGTTAGG-1,3.2774120549029964
AGGGTTTCAACTGGTT-1,12.371733272092246
CTTGATTAGAGCAGCT-1,6.033571025601046
TCAGGGCCAATTGCCA-1,2.0984346941614773
GAAGAATAGACGAGCT-1,7.713661406804904
AGTACCAAGCGTCAGA-1,5.739616278437135
TTGATGGTCTCTGCTG-1,4.387631230083064
TGGAGGAAGGCATTTC-1,5.414896781027083
TCAATCTGTTTCCCAC-1,2.636237792885887
TGTTTGTTCAATGTCG-1,10.040433335075928
GCATCTCCAACTTGGT-1,7.814763086022078
GGGTGAATCTCACGAA-1,3.3495908127509257
CTCAGTCAGCGTTCCG-1,5.128897840297135
AGGACGACACCGGAAA-1,4.006044033707049
ATCGTAGTCGGCCTTT-1,2.795132442785384
GTTTGGACATTGCTGA-1,9.331534310525951
AGGGTCCAGAAGGGAT-1,5.151852974820002
GAGCCTGAGCAGCACA-1,7.435985312451246
AGAACCTTCAGGTGTT-1,4.902118822705807
CGTCAAAAGTAATTGG-1,8.346923917427723
TGGATGTAGTGCAAAT-1,3.1304296507926823
GCCATTCAGGCGCTCT-1,-2.412541430433231
GGCACGTAGGCCTGCT-1,9.743332231817943
ACGATCAAGCTGGCTC-1,8.21756810605077
TAAGCCAGTCGTAATC-1,10.835190052423952
ACAGGGACACCCAATA-1,6.41923682008953
GTGCAGCTCTTCCCGA-1,11.368728663375345
GGTGTTAGTTTACACG-1,7.660577148073969
TGGGATTAGAGAGCGG-1,3.27641189789676
GTGATGTGTTACCCTC-1,2.79681997024219
CGAAGTTAGGTGCCAA-1,3.2272005437038844
AAAGGTAAGATACCAA-1,8.701135276527852
CAATACGTCGTCTCAC-1,5.746875262845477
CCCTAACCAGACAAAT-1,11.362872891841574
ATTGGGTTCCAAAGGG-1,2.008351792509393
TCGAAGTGTCATTGCA-1,-0.2759875012148582
ACATCCCCAAGAGGCT-1,3.0325724102857112
AGGTGTTAGAATGTTG-1,3.932978270646161
CGATCGGAGGTCCCTG-1,5.23362605492061
AATGAAGCAACAGAGC-1,9.32267561944458
TTTCAGTCAATTGCAC-1,6.198049257912039
TGGAGGACAATTCTTC-1,7.035206434324258
ACTGATGAGCCTGTCG-1,7.5268002575274355
GTCTGTCAGGCCCAAA-1,4.174279847723393
GGATGTTAGGTCGTAG-1,6.854375592390499
GGAGGATCATCTCCCA-1,9.22523745380242
AGACTCAGTGCCGAAA-1,6.031385592032275
TTACAGGTCTTACTGT-1,3.626449352980958
CTTCCTTGTTGGTAGG-1,6.236196971674171
CACAGGCGTAATGTGA-1,2.870891397974276
CGTTGGGCAATACGCT-1,11.265328639000874
TATTGGGAGCGGTAAC-1,1.699781701482156
GAGGGTACAGATAAAC-1,9.525224430784691
CTCAACCGTCTGCATA-1,17.594218864116097
AGACAGGTCAGCTGTA-1,27.36114254219813
CGATGGCAGGTACATA-1,14.290638065579902
TGTCAGAGTGTATTGC-1,12.53161151532884
TGGTAGTAGTGCAAAT-1,12.725210970851178
GAGTGAGTCTAGAACC-1,17.167516072732518
CATCAAGAGCGAGTCA-1,27.04035969181059
ACCACAATCTTACTGT-1,16.31888545243887
GAATAGAGTGACTGTT-1,28.152365577474026
CCTCTCCGTGTCTAAC-1,10.468863550784905
AGACACTTCCGTGTAA-1,13.75326227197962
GGTGTTAAGACGCCAA-1,14.410091785274496
CCGCAAGGTGCAATGG-1,22.053156081731952
GGCGTCATCGCTTACC-1,40.08267406403537
GCCAGGTGTTGGGTAG-1,18.05892849337968
CACGAATAGGCAGTCA-1,20.6567582338652
TCTTCCTAGTATCTGC-1,29.20693441202328
GCTGGGTAGGAACTAT-1,26.096088452077726
ACAAGCTGTATCTTCT-1,29.36368704413287
TCGGATACAACGACTT-1,26.1710694780428
AAAGTGAGTGAACCGA-1,4.738652296330642
GCGATCGTCCGCACTT-1,18.288768912525992
TTCTAGTTCTAAACGC-1,30.868177847376888
AGTTAGCTCACTACGA-1,14.392557023958105
GTGCTGGCAAGCACAG-1,20.21281729026149
CTCTCAGGTCTGATAC-1,6.809645510282887
AATGCCACAATCCAGT-1,11.131823117755712
GTGTAACTCAGCTTCC-1,21.748087787757637
TGTGATGCAGCGGTTC-1,24.560612351211823
TTGACCCTCCACACCT-1,10.40674314270061
GTTTACTGTACCGTCG-1,22.47128916610629
TTTCCTCCACAAGCAG-1,8.2944896594102
TCGGATATCTGCCTCA-1,26.314200408333743
GTAGGTTCAACAGCCC-1,21.32807012962673
CCTCTCCAGAATCTAG-1,23.95720055981757
AATCGACCACACTTAG-1,31.16332339121587
CTTCCGAAGTCAACAA-1,23.23099863224925
GCTGGGTTCATTTCGT-1,12.349389138812262
CTCCACACATTAGGCT-1,2.811489513536132
CTATAGGCAGGAGGAG-1,12.326114969701017
GACGCTGCAGCTATTG-1,23.532585406500758
GAGTCATTCGAACCAT-1,21.39001811112721
GTGAGCCAGAATTCAG-1,22.02666236728392
CTTGAGAGTGTGTGGA-1,31.068983484632227
GAACTGTCAATGCTCA-1,-8.471103736541417
TAGGAGGAGATTAGTG-1,8.264963140416521
GATAGAAAGCAACTCT-1,7.84721555499274
GCTGAATTCGCCAGTG-1,10.80712464217616
CCTACGTTCATGGGAG-1,15.505262183564827
CCGTTCATCTGGCCGA-1,27.757843743636755
GGCTGTGAGGTGCGAT-1,12.707461611044806
CCATAAGCATCCCGTT-1,13.186716304532142
AAAGGATGTTGTGTTG-1,11.205084323277394
CATACAGCATATCTGG-1,22.06745566940989
GATCATGGTGTTTGCA-1,19.073979304933143
ATTTACCGTATCGTGT-1,32.37834188616427
TGTGTGAGTACCATAC-1,16.601610043562374
TCAAGCAGTGAGCCAA-1,17.0254195723301
TCATGAGCATTCACCC-1,28.45498033068594
TGCTTCGCACGTAGTT-1,12.956633611969574
GCGGATCTCATCTACT-1,7.278544651067005
TGGTACATCTCTCTTC-1,13.418695160493108
TTACTGTAGGTAAAGG-1,4.557783433774009
CTGCGAGTCGAGATAA-1,8.974240928396826
ACACAGTTCCTGTAGA-1,11.761455605758442
TGTTGGAAGGCAGTCA-1,10.397933527310585
GAGCCTGGTCTTCGAA-1,12.041183456586566
TACAACGCAGCTGAGA-1,12.286345835107204
TAACGACGTAGCTGAG-1,1.507127804533287
AACAACCTCGTCACCT-1,5.913198527001459
CAGGGCTGTTTGTGGT-1,9.131105259128358
TGACGCGTCGGATTAC-1,11.9340008017681
TGCGGCAGTGGCAGAT-1,16.80250497466379
CAGGTATAGGCCCACT-1,7.695502272295005
AACCAACGTCTCAGAT-1,8.663994146224518
GAAGAATCACCATTCC-1,9.909668381306188
TCCTTTCTCGGTATGT-1,5.951082340212266
TCGAACAAGTTCACTG-1,7.588943714614069
GATCATGTCTGAGGTT-1,10.463778351674566
TGTACAGAGCTGAAGC-1,14.148509091210954
CTTTCAAGTGGGATTG-1,12.673780115957422
CACTGGGTCCCATTTA-1,7.934796856431725
TAGGTTGGTGTAGCAG-1,6.8528394979673255
TGACTCCTCATTGCCC-1,11.17795086252327
TGAGACTGTAGATCCT-1,10.997055414418003
TGATTCTTCGAGCCAC-1,12.45085153675623
TGACGCGCAACCGACC-1,11.100755787476892
ATCAGGTCACATTGTG-1,11.472137346276186
CATTGCCCATACATCG-1,12.32431705211948
AAGGAATAGGAACGAA-1,8.480151948017193
GTGAGGAGTGAACGGT-1,11.615767789865563
GGGCTCATCGGTCAGC-1,6.3377217448206205
CTGAGCGCAGTGAGCA-1,12.891412140783569
AAAGGGCCACAGCTTA-1,12.776972947654352
GCATTAGTCTCGAGTA-1,4.217121386021461
AGACAAAAGGTCGTCC-1,14.878396210934518
CCCGGAAGTACCGGAA-1,6.077417034589419
TCTCTGGAGCCTGACC-1,13.789224923403156
GAAGCGATCATTTGCT-1,13.712784620345223
GACCCTTGTAGATTAG-1,12.071878094224385
ACCAACACATCCGTGG-1,11.766792771772767
AAATGGACAGTCGCTG-1,8.667103704333229
TACTGCCTCTCTCGAC-1,14.05743376485675
ATTGTTCCAAGTCCAT-1,10.473908854502255
AGGGTTTAGTCATGGG-1,11.384085113935855
AGTACTGGTCCACTCT-1,14.478117613305486
TGGGTTAAGTTCATGC-1,11.264692274044949
CATTCATTCTATTGTC-1,11.149724284076337
GGGTGAATCAGTCATG-1,13.566890264129528
ACACCAAAGATCCCGC-1,6.387211385782818
GACCAATAGCCAAGGT-1,12.846968667649794
ACACCAAAGGTGCTTT-1,8.781439364232135
TCACTATGTGATTCTG-1,8.931164717631978
TGTAGACTCAAGCCCG-1,3.688468520184708
GTCCCATAGGACGGAG-1,10.436936953821272
TCACAAGTCCCACAGG-1,8.968888509604831
AGAACAAAGCAGCAGT-1,15.856480630834138
TTAGTCTCAAGCGAAC-1,11.64889155977785
TCCCAGTAGGTGATAT-1,14.445145663324018
GATCAGTCACAACATC-1,6.17217041613655
TGCAGTATCGTGCTCT-1,6.099551646289262
ACTGCAAAGGTTGGTG-1,18.44606861896336
AAGCGTTCACGCTGAC-1,8.360796012600913
TCAAGCACATGGTGGA-1,7.451780782629294
GGCTTGGAGGTTGTTC-1,12.614311495048062
CACTGAACAGAAGTGC-1,17.68268623796675
AGGGTGATCTTCGACC-1,5.680172551536813
TATTTCGTCTTGTGCC-1,16.627266109280736
ATCTTCACATCTGGGC-1,24.08803083412915
GTCACTCAGCCGGATA-1,7.381619165021111
GTCTACCCAAACGAGC-1,12.764539900424284
CTGAGCGAGCTTTCCC-1,7.244488940374602
GGTGTCGTCAGGGTAG-1,6.71451018964791
GCTGCAGTCCTCTGCA-1,-1.791125349617098
ACTATTCAGTCGAATA-1,14.023401394333831
TCACGCTCACATGGTT-1,9.12457745175189
TGTGAGTAGCTGACTT-1,14.509297865749362
GAAACCTAGACCAACG-1,1.9166444311477904
GGGTGTCCATCGCTCT-1,14.59174249935642
ATCACAGCAATTGGTC-1,5.934168174330912
TCTTAGTTCCTAAACG-1,23.000047694653546
TGCGGGTTCTTCCTAA-1,18.582660612010056
CCCTCAATCGGCAGTC-1,13.7164785851373
GTTCCGTTCAAGAGTA-1,13.8156015974751
CAGTTAGAGCAGATAT-1,12.160286186475622
GAAGGGTTCTGGGATT-1,1.5121183102282054
ATTTCACTCTCACTCG-1,19.017498637573453
CAACCTCCATACACCA-1,11.824631986547466
GAGTTTGGTGACGCCT-1,5.5621749107219856
TACCCACGTACAAACA-1,13.119408628280487
CTCTCGACAAAGCACG-1,3.288285271365675
TGGGCGTAGTAGGAAG-1,8.190029814379857
CTGATCCAGAGAGCGG-1,10.801487202092638
CGATGGCAGGCTAACG-1,17.804906791096432
ATTCGTTGTGCCTACG-1,11.921134770034358
GGGCTACGTGCTTCAA-1,7.400648681518426
CTTCGGTCACCAGCTG-1,5.334317945193899
CATAAGCAGATGCTAA-1,12.831958465963783
CATACAGTCTTTGCTA-1,16.014558935502322
CATCAAGAGTTGGCTT-1,8.052926124637661
TTCCGTGCAACGTTAC-1,12.131185828783057
GTAGGTTTCTTTGCTA-1,13.313606714770945
GAGTCTAAGTTATGGA-1,7.573643389554387
CCTCATGAGGCTAACG-1,9.190529015521312
TCTGTCGAGCGCCTAC-1,5.79673707975269
CGCGTGATCTTAATCC-1,12.527854581258978
TGAGTCACATGACTCA-1,10.360440054705132
CGCCATTAGGAATTAC-1,3.916517108837307
TCGTGGGTCATTATCC-1,11.555491376405945
TGGCGTGCATAGAATG-1,19.555088292200782
TGCGGGTTCATCTACT-1,8.513097250072324
TTCAGGACACATACTG-1,6.582327731372384
AGGACGAGTGCTCTCT-1,15.408362105569232
GGGTATTCATGGAGAC-1,3.4192309766099958
ATAGACCTCCCTCTCC-1,10.6435122119026
GTTACCCCACCCTAAA-1,4.6847215771941535
GCCGATGTCGTTCCCA-1,10.940068735800814
CCCGAAGAGAACTTCC-1,21.275756192912485
CCGTTCAAGTGTTGTC-1,1.0199267024654652
AGCGATTTCCTCACCA-1,9.002015867847566
TGATGGTCATATGCGT-1,17.736908050237655
ATTACCTAGCCGTCGT-1,22.964811175298717
TGGTAGTGTAATCAAG-1,15.291136742909616
CAACCAACATCTCAAG-1,21.792181770511945
TGATTTCCACTATCCC-1,19.07085144527996
TATATCCGTCGAGCTC-1,14.963331458467875
AAGATAGTCCGCAACG-1,11.113065812123372
CATCAAGGTTAGAGAT-1,13.067665159392517
ACTTAGGGTTATGTCG-1,17.54900846629165
TATTGCTAGACGTCGA-1,16.428661499184795
TTGATGGAGATCGCTT-1,16.192216713879777
TTGTTTGCAAGACAAT-1,14.262545449653926
ATCACGAGTGTTGCCG-1,21.754587897596146
CAGTTAGTCCTTCGAC-1,17.539144171230394
CTCACTGCAGTCGCAC-1,17.2272478764633
AGCGTATCATAGCACT-1,5.553903864905865
CTTCTCTGTGAGGAAA-1,14.34308700639959
TCTTGCGCAGCCGTCA-1,12.142248177076487
TACAGGTTCCACTGAA-1,15.089663771149224
TTGAGTGGTTTCTTAC-1,15.938711430541623
TCAGTGAGTCATGGCC-1,18.31132789811186
AAGGAATAGCGTCTCG-1,15.328306397015425
CATTTCAGTTGGGTAG-1,13.76209887674104
ATGATCGTCTTGGGCG-1,14.906445654210607
ATTCCTACATCGTCCT-1,12.256998156656625
TGAGTCATCACTGGTA-1,13.843172271586267
GTACAGTCACGCTGTG-1,21.01654296152003
ACATTTCAGTAAACAC-1,19.66236838639154
AGTAGCTAGCAAACAT-1,12.517476492528315
CTGCTCAGTACAAGTA-1,17.89171049319556
CACTGAATCCGAACGC-1,13.044539358866515
GATTGGTAGAAAGTCT-1,17.549087495269156
GCACATATCTCCTGTG-1,19.564150351148424
CGTCAAACACCCTAGG-1,15.1626002584744
TTTCACAGTACTGACT-1,10.489542290484952
TGATCTTGTGTTAAAG-1,22.761501062865914
AGGGTCCTCGATAACC-1,9.302168786283138
TTGAACGGTACCAATC-1,19.40118831795405
TCAAGCAAGTTGGAAT-1,15.737070238843412
GTTAGACTCATTCACT-1,11.67197023402581
CCCTAACTCCGCGAGT-1,12.373629845232434
GTCATTTAGGTCCTGC-1,20.744250675822304
GCAACATCAGGTCCCA-1,16.65549815933558
AGATGAAGTCCTGAAT-1,20.34736818916808
CAGCAGCTCGGTGAAG-1,17.719990202431617
TGCTTGCAGTTTAGGA-1,16.65737322346762
TGCAGGCAGGATACAT-1,28.504401407779724
GTCATTTTCGAATGCT-1,24.841284525230016
AGGTCTACAGGAACCA-1,15.880641744592186
GGAGATGTCCAACCAA-1,14.350317599214746
CGTAGTAAGGTCTACT-1,14.89832622410885
CTATAGGTCCGATAAC-1,19.74724451065449
GCTTGGGCATATGCGT-1,22.26656528683413
TACCCACGTACTCGAT-1,14.08175854075454
ACTTTGTGTCGATTCA-1,18.37776846587843
ACTTTGTTCACCTGGG-1,15.21363979289564
CGACAGCAGGGACAGG-1,13.12561812434152
CAAAGAAAGACCTCCG-1,23.411869425370096
GTTCGCTAGGACTAAT-1,11.496483604922494
GTGGAGATCTAAACGC-1,24.534286361602284
ACCAACAGTAGTGTGG-1,10.4347674837293
ATCGTCCAGTGTCATC-1,10.541654354227596
CACAGGCGTATCGCGC-1,22.10991289401466
CCGCAAGAGTCACGCC-1,28.01499754411025
GATGTTGAGGTTACCT-1,13.603571364306552
TATGTTCCATGTGCTA-1,24.43220890138144
TATTGCTAGCAACTCT-1,10.243929096932908
TCATTTGAGTATGTAG-1,18.998391910117
TGGGCGTTCAGTCACA-1,17.688331565206056
AAAGTGATCGATGGAG-1,20.03839362345284
ACACAGTAGTGCACCC-1,14.571249701306291
AGGCATTGTGCCTATA-1,8.544592376846278
CAATCGATCTAGTACG-1,17.75114130021312
CCGGTAGCATTCGGGC-1,21.42822833880543
GGGACAAAGACCTTTG-1,8.19998017061062
GTGAGTTTCTTACGGA-1,33.81506357662072
TAAGCGTGTTGGGTAG-1,2.8980554691918465
TACTGCCCAGCATACT-1,29.56334437574237
TCACTATGTTAGGACG-1,11.2568508499984
TCGCTTGAGGCCGCTT-1,31.64282593130284
TTCCTAAAGCAATTAG-1,13.41471695021198
AAGCGTTGTGCTAGCC-1,25.13606884207451
AATCGTGCAAGTGCTT-1,10.879209143269277
ACCTACCCATGACTAC-1,25.28471257358144
ACGGAAGTCAATGTCG-1,18.110139734884235
ACTTCGCCAAATGGTA-1,12.825601392638807
ACTTTCAAGCATCGAG-1,3.5513073894464897
AGATAGAGTGGACCAA-1,21.479115726971862
AGCGATTTCGTGTTCC-1,13.508126131272
AGGGTCCAGAAATGGG-1,29.079112909342008
AGTAACCCACGCACCA-1,16.554364352295867
ATCACTTTCTGCTTAT-1,8.505679026942884
ATGCCTCTCAAGCTGT-1,25.869212838190386
ATGGAGGTCACCTACC-1,21.17041676821113
ATGTCTTAGAAGCTGC-1,6.818244734052451
ATTCACTGTAAGAACT-1,22.23980220395668
CACAACACACTACTTT-1,33.791846551365104
CACTGTCAGCCGAACA-1,4.621151194629407
CCTCAACCATGGGCAA-1,7.4460683090536595
CCTTTGGAGCGCCTAC-1,20.24994373530521
CGGAATTCAATTAGGA-1,14.623273507574334
CGTGTCTGTTCAACGT-1,17.756435957504053
CTTCCTTGTTGTGCAT-1,19.208572063367587
GAACACTTCAACACCA-1,28.45053547216797
GAGTCTAAGGCGACAT-1,13.74501102408374
GCACGTGAGCTCTGTA-1,8.236680430028855
GGGCTACCAGAAGTTA-1,4.770496646512355
GTCAAACGTTGACTGT-1,10.147078276236291
GTCGCGATCGGACGTC-1,13.68418430361172
TACACCCTCCGTAATG-1,15.954819841345705
TAGGAGGGTCTGCGCA-1,16.848010112818766
TCATTCATCTTTGATC-1,7.836446752436445
TCCTCTTTCTTGCAAG-1,18.667669867564246
TCCTGCAGTCCAAGAG-1,9.859554234524202
TCGTGCTCAAGATCCT-1,9.38203757900473
TCTGGCTAGCAGCAGT-1,9.52312956060138
TGATTTCAGCCTGTCG-1,16.268611328776377
TGGGTTAGTACTTCCC-1,9.18778513792316
TTCACGCGTTGACTGT-1,9.09751428769989
TTGTGTTTCTCGCCTA-1,15.867264333077284
